"RelativePath","Extension","Bytes","SHA256"
"剑1\Test1.wav",".wav","3132344","bc941be00f9fff669e41eb8a2109727761e53f50dff44695ad713d4b4ff57174"
"剑1\Test1\Section1.mp3",".mp3","3731165","da0720f5a7efe36d74cf7a8bcf54b66c7d62af257bb161616d2e91aa0621d393"
"剑1\Test1\Section2.mp3",".mp3","1915968","ae284da8baef347c86ed8cdb0a4c160792af123ebcad26b7f7b976c3f21fcdf7"
"剑1\Test1\Section3.mp3",".mp3","3153546","84742290f203b54109f51171ddd4f4884ec6c88b12710fa8474a42055a41a20d"
"剑1\Test1\Section4.mp3",".mp3","3792605","4af0abaabe28f2ea0c5f70ace1ddcc8d45f0cb2e68ce974e260ef9d0680230d6"
"剑1\Test2.wav",".wav","2975616","1273b0d4d45e1492c7f9dcb6bd61f3c32485696f00e8ce8486c538b1d0a5739d"
"剑1\Test2\Section1.mp3",".mp3","2886157","89b2bbf7df2be2b7320c56a0fbfd21e3673bbb88e6994ab7e7f2d114835d4217"
"剑1\Test2\Section2.mp3",".mp3","1470843","91463bf3b4c57c0a7dcf974bc66b9368f72f9664bfb2b72a7f3dc2e4537a492e"
"剑1\Test2\Section3.mp3",".mp3","2283356","3aad21850dcc8cc4fd7566aedea375313c25a0222188923cc76bbbb23d229a54"
"剑1\Test2\Section4.mp3",".mp3","2332257","5a392f63c041f9d29888b8662215c52108e04409881f5204d4effeb831edc35c"
"剑1\Test3.wav",".wav","3259432","4405b33016df413397052de63b72ffac22a28055f9846710bf6ffcbee9fc9e5f"
"剑1\Test3\Section1.mp3",".mp3","2811865","a68da2d14bff3caa20e75fb499d51acf79a1d3de0210c56698d6edc821628887"
"剑1\Test3\Section2.mp3",".mp3","2425984","29d5d2ee66febd6c9d5b67ff9b706a727463072de1aee1943484e4ea3626924c"
"剑1\Test3\Section3.mp3",".mp3","1948257","fd4cd9f293ea59b0b8920059859c0df569e7ba399f00c044aae86e55e6e7cd6d"
"剑1\Test3\Section4.mp3",".mp3","2641965","7bed553c98e3da3befd88210a91d3f7ce3ca5023eb126e41700f3a58cc0d0f5f"
"剑1\Test4.wav",".wav","3356256","3070aa8f46a82e78c44ccd5885534f643bfdce78807b24779c985837f9de2ff4"
"剑1\Test4\Section1.mp3",".mp3","2825344","136160236589c26e90ebbb6b80ea987cf61d511160d862a6b799527de21c34b2"
"剑1\Test4\Section2.mp3",".mp3","2356707","cb98c349410a2eb22f3584ea219122627c1e5169f636f6b9ec88d294b2980ac2"
"剑1\Test4\Section3.mp3",".mp3","2708107","46b2ca543fc1bfc614c99eae7e5b71930899660e4dd39560beffb80d21f71948"
"剑1\Test4\Section4.mp3",".mp3","2229752","70009406f2a36e112810a98c697cddbf4326563c710df28dde8f6485b6c56a78"
"剑10\Test1\Section1.mp3",".mp3","7283376","990a4eebc0eb6a3fcf9acb5bcfe5c52123df6e1351896841df35adcd1705af7d"
"剑10\Test1\Section2.mp3",".mp3","6074910","ce3bfc35a6d1212cc26cf81f4408d439e44182344f0a2db2df543edadd8372ae"
"剑10\Test1\Section3.mp3",".mp3","6231702","180b4533ebfa3d27212d4d8a08cfb78d7a0c111a9d2bd03db6c9641352600c95"
"剑10\Test1\Section4.mp3",".mp3","6385575","cf24df7fef2f0f3fdf3c9dd4afe806026e2c9f98925c4ee37f6a1860d2704613"
"剑10\Test2\Section1.mp3",".mp3","6322191","14bb264e5854c837cbd6ef4262e6212c9b3d7ade0c7355aae8d51e891b2b01a6"
"剑10\Test2\Section2.mp3",".mp3","5782593","ff5cb1087d490e5140a36652b7ff4544d07bda0da2de09ae39848ce85b6b0fe0"
"剑10\Test2\Section3.mp3",".mp3","7170786","db853ea5ac52e69f81dc4dfd5e740f2080c469eb0ab5c0522d06b159e8064af6"
"剑10\Test2\Section4.mp3",".mp3","6566553","3b69c3119c1b0c967ffea0e032f88261bd1d87a46bec9be582d785adb0a5cf6d"
"剑10\Test3\Section1.mp3",".mp3","8055660","4dc3b9006f7a9568dcd8d4c50f78ec512248f97d49b6dccb1be9e332c9108f8c"
"剑10\Test3\Section2.mp3",".mp3","6365142","794b95348b1414a85908fec0ea7726ff7c96efe4c17433485929005f3725b710"
"剑10\Test3\Section3.mp3",".mp3","6765045","610e611dbdb54ea1a19004262b97af1aea7a61082976e623c12ab1d626132b16"
"剑10\Test3\Section4.mp3",".mp3","7816719","e7760ea1380103e3bb541d59a1808d5abbaf830ba602dfbc176b6f132d8a4fe1"
"剑10\Test4\Section1.mp3",".mp3","6882222","517e8cf94f9ba2391256b52a7372c023db4e0cc71d551758ca013a62f0ae43e9"
"剑10\Test4\Section2.mp3",".mp3","6250467","c4de8e93f0f9f1fb0ce442a30f1472d18853db7d01c83b476e35a21fb85edd87"
"剑10\Test4\Section3.mp3",".mp3","6917250","572293aa424fc510a685076d5de0bfe75050ced75753a04a87ab52ae6ed430d5"
"剑10\Test4\Section4.mp3",".mp3","7132422","1bb7c4e7d6070b983c2347ceb963654081351cb05160790fc5d81755277e8cfe"
"剑11\Test1\Section1.mp3",".mp3","9250296","9a7bc59c4edbd53355c264673d0106e442e46efd225f3fe003deb68988307ec8"
"剑11\Test1\Section2.mp3",".mp3","6398561","af7b26a5d883e97a5e313e21aa98d163f65fba5fbc06912655b26a8293fb1779"
"剑11\Test1\Section3.mp3",".mp3","7879390","d73e1fb5397e2e1113d446ef99255bd6f852632ae6916e001aab52db3811439d"
"剑11\Test1\Section4.mp3",".mp3","8168200","6dba2a9acf0af3bdd10683db9eef42b106d0e7d1180c4c1392c5fd3e6d5b92b6"
"剑11\Test2\Section1.mp3",".mp3","8062456","76d1c9c6a78b322d07186ad1b0248ba4e66b37e099ee913fd6bc29958f55bf82"
"剑11\Test2\Section2.mp3",".mp3","6902619","ef20d38e3cdff4279814567cd2ea54d06121b1530784541ac9ea72c44701e991"
"剑11\Test2\Section3.mp3",".mp3","7317235","36f63b7ba387a8863d100726843ee1aab3c18a1ec8b2733b0ded5e0a9606fd81"
"剑11\Test2\Section4.mp3",".mp3","7155903","3ec1164d661f98a717ef255664ea30a24865cb56775593e1381f7e79e895a8cd"
"剑11\Test3\Section1.mp3",".mp3","7732268","2cd2e9b1a50cfaa31e05485cf5138ef79fa3c095b0204916e6dd5d1fcd03b2d3"
"剑11\Test3\Section2.mp3",".mp3","6842015","b3d0d734bb770a03ee16e714b87b29538a564d682cef95c48892b717ccddc055"
"剑11\Test3\Section3.mp3",".mp3","6369721","4693740684684af7bac957948e68bc2dbb8a85b75cc75f5ac196e83f502a045d"
"剑11\Test3\Section4.mp3",".mp3","8200801","d3011a80cafcca33a01bae86653e7644f7f6460ed55e33fb0cb900e168480292"
"剑11\Test4\Section1.mp3",".mp3","7852641","88abd5d9b36250b648a24886282f3db1ec49a5956b4704d3a2cf62eac1d8e607"
"剑11\Test4\Section2.mp3",".mp3","5805894","11520095a3341b35dde653530f10e3f8a64fc9a0e493f871d8dbb42e162d3a4c"
"剑11\Test4\Section3.mp3",".mp3","6992899","70063262c899c387676f3a0b2aa3739e4bbc525a0b14200526a85f9bcba4545b"
"剑11\Test4\Section4.mp3",".mp3","8030273","53fb107af767f8ee0e1c778a2404f4a95519c75b908fa23836848b96424b9c4c"
"剑12\Test5\Section1.mp3",".mp3","12011678","5a3ab98cb7e8f5a95e3e4d0ea940fd8b867e6c573ef55d97bbd44faa39689003"
"剑12\Test5\Section2.mp3",".mp3","9797964","74bc9b8b09fd5bcc63c3657aaa6eca2bf29612a3423bf6ff94f571fc58cdf25d"
"剑12\Test5\Section3.mp3",".mp3","9554085","3483efeb4ca9e20b3a5b267cddce029eab5d1fd1ccc20bd6baf75dc46eabf51b"
"剑12\Test5\Section4.mp3",".mp3","12674359","e153ca749fdb7c0076a3b4ed9da602926f369db91447f7d40e5771a6ad0f8e96"
"剑12\Test6\Section1.mp3",".mp3","12982179","99ba2482e6ea18cd146db08cd8303c30d38d0698b28ac5ba8191aa46d4addf63"
"剑12\Test6\Section2.mp3",".mp3","11264374","e1cacfd1f250d20c036edc6fde2e2e1c6be197d05c5c0961fdee17781e76a161"
"剑12\Test6\Section3.mp3",".mp3","10336504","dac253a36732d430590d34a51e9e573826f2598fe19b500690d8aa9954c7caba"
"剑12\Test6\Section4.mp3",".mp3","12409164","c1eb666403e690a53fd2c3b7f74191ded3581d1694e3cda2395b5218327292e9"
"剑12\Test7\Section1.mp3",".mp3","13127629","206f2f7e3c594d9480c8547b532fa02b5c6fbe915582fdc219b2d041148426cf"
"剑12\Test7\Section2.mp3",".mp3","10445592","19b034fd7cf71dde3f4184ddbcc3246c52e7508aa058b4af1c53317e09dde254"
"剑12\Test7\Section3.mp3",".mp3","12230486","859bf36f8c84da7d846a5afbaacd9c1925899eb381717d5a6bdc861aa82a5039"
"剑12\Test7\Section4.mp3",".mp3","11782225","7a0e68c96dc6c05826ad3b675d36c0f26ced39fe34902f8df6de4671cbd2dcdc"
"剑12\Test8\Section1.mp3",".mp3","11484422","aad11093624909cdaab071463cceee3a5bb0fdfcda5eee70cca4e6966937d107"
"剑12\Test8\Section2.mp3",".mp3","8864452","fac18357d9fc0b6c71745ed2e55285d55acf52fb35db3b12b9e8abd8b226a18a"
"剑12\Test8\Section3.mp3",".mp3","11161556","fdd45613bd202fe256a9e20342902fbbd4297880f447a0c42b809336622e66f5"
"剑12\Test8\Section4.mp3",".mp3","11382238","50df0dc45892002b626b76c806eb8830dc3ef7b32e8d9f04e72d8efe20386247"
"剑13\Test1\Section1.mp3",".mp3","5380592","5c931d71026f8eb24fd4058a252e6098bef3e65e8df5e739716d6d9319d2a109"
"剑13\Test1\Section2.mp3",".mp3","4868211","10f6b4a9639ff33fb16aa7251be6298c97c92640e62559e2752fb6b3f650e401"
"剑13\Test1\Section3.mp3",".mp3","5120802","3bcab8afa54b3d726b7940c8cb689c19c91f6b5ed5675a153bf59a5d574d598d"
"剑13\Test1\Section4.mp3",".mp3","5030345","74ebd84b53a50c345b024553ad443ca01eee7557aa4b32d33277aa55e0f6e846"
"剑13\Test2\Section1.mp3",".mp3","6252297","b44f7c3eb2e0048e509e1789e56d9181910fcb7fd776c0aa52f3e8c1e722a6b0"
"剑13\Test2\Section2.mp3",".mp3","5279180","8aacc76533aec106ee36ff980ce9ef9f776e764c028c87edb986a43c72712728"
"剑13\Test2\Section3.mp3",".mp3","5142399","a52410448709da044693d2370bb386056c77a87f4748993e4c33af990474bffc"
"剑13\Test2\Section4.mp3",".mp3","6521790","5b9a742c9be02876eb059cadb6944b4e48fd2b696a2c648bb49aa3616e05fbbe"
"剑13\Test3\Section1.mp3",".mp3","6581260","b0ff9209eca114f0ceb1329797ac9abe173b99912c65410c780491060cebf13f"
"剑13\Test3\Section2.mp3",".mp3","4570861","e5c2e126797152cb643277451e187b4df650df708cac1a442d35b6fa820df770"
"剑13\Test3\Section3.mp3",".mp3","4776502","717ccedb31a26be3fe4b1d6d6d29adde5b84ad3e4e507fa1c2952bc0ea8fcdc7"
"剑13\Test3\Section4.mp3",".mp3","4789022","edb709c76c66db9abc544593d972b641af4bf1390b9539d219c32a3d570d391f"
"剑13\Test4\Section1.mp3",".mp3","5594997","04e7b7a9c1810c10f67efe877b6f77ab7156a5646bff94a862c48fae9196a0ea"
"剑13\Test4\Section2.mp3",".mp3","4945835","e3ce4cee2475270d102ed85d0f434a55db1199b4ddddd59adc7f370a079efe11"
"剑13\Test4\Section3.mp3",".mp3","5403441","7cec405d28222de83e7cab9bdbd0c0d42fc663e2dc748743864d9ce247677b15"
"剑13\Test4\Section4.mp3",".mp3","5733969","0b27b357e7fda9ddb388f9457e536a1a8c34f4bc48667410f52bbba5b3cbf642"
"剑14\Test1\Part1.m4a",".m4a","4237568","f8bbb6b49d7cf60554bbd81bfa2c97ec071998431eafc20f9f0e771b6dab3b06"
"剑14\Test1\Part2.m4a",".m4a","6404655","e4aee3a07d90f49b3696abab74f2cc52abf1e1b69b605cb294257d46b135797f"
"剑14\Test1\Part3.m4a",".m4a","3492815","24d4f7fc940869f313052264349984e6a6aef71cf1a38bf2e69e475bc56acee9"
"剑14\Test1\Part4.m4a",".m4a","3951446","436c4ea5431405b0995df4550f6ca7105d6073d00554a964b63b3183576316ca"
"剑14\Test2\Part1.m4a",".m4a","3742405","39f8e825e45596fbac72e053e47d845dbc98b2ae990b32d7d4454478459e5bb2"
"剑14\Test2\Part2.m4a",".m4a","3589443","540e4275e303ca5f4cb2bb2b3cb30209e6219b02e39bcc318a40e0751ce23c05"
"剑14\Test2\Part3.m4a",".m4a","3741650","c21a6775fd56b4b4c28229f1f37404fe7b2fa54fd10abd7c85a37c8127ea1648"
"剑14\Test2\Part4.m4a",".m4a","8428196","08af39e570358cddf325d88dbe3438129dd880d1f788f306024f610e4573ae90"
"剑14\Test3\Part1.m4a",".m4a","4255683","0c3a789d973e910d192b00ec771727d9e74cd45475f3f8e51e094130ffa7c59a"
"剑14\Test3\Part2.m4a",".m4a","3220940","f2022e64d4fd7015a9b6616245bfa95fab2a4e021e23449c5652aa80f57eb1ac"
"剑14\Test3\Part3.m4a",".m4a","3090103","e80037d9a5ea7daadf2765aaafd5b23d7c33bfe16df595b809cca358882b4555"
"剑14\Test3\Part4.m4a",".m4a","3955205","892ac0d394743b5fc558e6506de5f7c6bdf253c54dcab46b711adb9c656474f2"
"剑14\Test4\Part1.m4a",".m4a","3982646","b1f255690b01dd26ffa0326dd0e1fa6acfcde415dac60e20ba3477b7d01d50b6"
"剑14\Test4\Part2.m4a",".m4a","3503663","749becc46eb098dfd0c8087542cec26017694fcd19a0ffd6e1624a8bce608edd"
"剑14\Test4\Part3.m4a",".m4a","3751801","f1c07be34b090154afde2aa87d2ffc35c537de367a264c45dfb20dfcee17deab"
"剑14\Test4\Part4.m4a",".m4a","4522548","42dd2bd3d5a3120246a4898428d31958fc09b2c9f7391603f9ea333196071005"
"剑15\Test1\Part1.mp3",".mp3","7345682","37d03dcedeb154f90450b761808195bddb670bbfd1c5ab1f4128355b757ad70c"
"剑15\Test1\Part2.mp3",".mp3","6678482","d0438bdfc9173c662f875b6fda6e50e2acbbc234c639b3aeb3bcd8ea2a2941ce"
"剑15\Test1\Part3.mp3",".mp3","6908249","5fdf9cef064e3788584305ba5364861fba35780eeee33ce3a7c75e89f147f9a8"
"剑15\Test1\Part4.mp3",".mp3","8724701","b0b6bf69376cea194f0cb2bf777ae17b0b8d97c4944fa20bd73bf51a7fd3dd7e"
"剑15\Test2\Part1.mp3",".mp3","19477068","cf78feb354ebd5ddb2c22a3815501e2c8bebabbf8a8622c4c1ea315e8783ac79"
"剑15\Test2\Part1.wav",".wav","43282274","a9401247f1aef6251ded4061182df2a669384d66746969936c091dae6eb27d80"
"剑15\Test2\Part2.mp3",".mp3","6761882","4d4994cbb24f3ae4ff8dea6a821dc9184cc0dcfe5006185a4d060cf0e16ad07d"
"剑15\Test2\Part3.mp3",".mp3","6825683","d4f518ab1a2fe77b2d869f335199bbdf1ce66b9282731eb4bc914df0f75a777a"
"剑15\Test2\Part4.mp3",".mp3","8376506","dc9e56cf2e3d1b6ca5004b8c8588b49c267625cdf73f97ed41df3e9ce524ce1c"
"剑15\Test3\Part1.mp3",".mp3","7510814","76bae5207879798ffe4b1271cf734456c9db4bd5556c4471ce71c9863c81c3f3"
"剑15\Test3\Part2.mp3",".mp3","6775226","98260e176b7e6e13b1a3eaf9ecf5ecef1767efd33c7cd620c05c536ab595ad10"
"剑15\Test3\Part3.mp3",".mp3","6544208","5f906d15acacffa07e068535bd3eb666e64329e4e45a36cfe17b1d3580a5470f"
"剑15\Test3\Part4.mp3",".mp3","7454102","3af9a1ef0db46fc04f2baf1548c6bbdf5a46ca867fce8b0f067fd4a044b392bf"
"剑15\Test4\Part1.mp3",".mp3","7575866","08cfcb89a41a5a3f7980b02ecd1f2e35444e2fdf44630543d2fe22a35e67e4b5"
"剑15\Test4\Part2.mp3",".mp3","6083006","f6dcca6ca401a0cef0b2d4495415036d66ebefa8bc6bcf8fd61d4726702c3f84"
"剑15\Test4\Part3.mp3",".mp3","6684737","acaaeb78d4f1d6223dee656f79a4d991f94086880738a720feac1a026f11adbb"
"剑15\Test4\Part4.mp3",".mp3","7466195","2b186165b84bfb52d2f90a57444d3c3f3b67d26e193c07ba5258c0705d4d47ca"
"剑16\Test1\Part1.m4a",".m4a","17148443","6a2d8befcdfd78ddae0efc4bca66769dace9a08232be172d0dd5eba8b9f0ca05"
"剑16\Test1\Part2.m4a",".m4a","16719352","bc120bb071bbf53ea100c91507195a8f18c667cfcd2907b0972797d42cf92cd1"
"剑16\Test1\Part3.m4a",".m4a","15680211","23a2384f4815f2a866fb9fb9c77fef6837cc4c14d6d70d946fbef53fb7496e24"
"剑16\Test1\Part4.m4a",".m4a","19106395","0ee5111f3fc1dee1e217796b29db962f845a8016badfbf9592b7f8a939bfd8a0"
"剑16\Test2\Part1.m4a",".m4a","16215641","611574708ec55751d5b3d608792214673644c3d0e2dfa07df33b5d30c62e4b3a"
"剑16\Test2\Part2.m4a",".m4a","19320946","b5ebdb0cad61a853bf12bbb83f85e2471e561386166fc95a8d58a4f10464c157"
"剑16\Test2\Part3.m4a",".m4a","17556076","e66ccc627f277bddb58791ce4a079153aa707cd72d490b5d72ea42cd5c6eb8bc"
"剑16\Test2\Part4.m4a",".m4a","21601638","a3fe1b9069b6be5b709d83c1d20b57a8b4e3292a00a4eaa866e0a14d8bb18178"
"剑16\Test3\Part1.m4a",".m4a","20354483","dd25cef55be57403253f74d24cb98102d80e6e5821f6260400e0d6f77b857d44"
"剑16\Test3\Part2.m4a",".m4a","16947900","cd37c007f17b927e3f7ee5d2605a47e3fb7c7feea2a5d7f9e99834a68e67d46b"
"剑16\Test3\Part3.m4a",".m4a","16693234","fe10054f1de398d68e847593b2952a564c15e7fb7220e40849f63a157fee296b"
"剑16\Test3\Part4.m4a",".m4a","21388968","7c797596899574470cb39286cfdbb120e5ae2b273f67d8648acc1a0cec56e295"
"剑16\Test4\Part1.m4a",".m4a","17257581","9bca1b7bd4276da5eaff0ee07b59dde9a8efe23459dbd1af1eb296b7d5447906"
"剑16\Test4\Part2.m4a",".m4a","16828490","1e2fb184081fce4427adf7d8e6e22b8685125f523757f37109b71eb12dace894"
"剑16\Test4\Part3.m4a",".m4a","16661519","0010305132f0ea2411888d9e4396a806b2fcd483455298abaaf4657c2fbf9a1f"
"剑16\Test4\Part4.m4a",".m4a","22373999","7e8c8b16f82d17d6be1f298b1e8182d898b80c6744439f79ee1acb8896626c10"
"剑17\Test1\Part1.mp3",".mp3","6627381","7a8ead602f7d824dc7ea6274bb9f4e8d96c4bd32169a0c839f0b59da4d0ce471"
"剑17\Test1\Part2.mp3",".mp3","6599859","4962bc25baaf98bfb5d03e09e49b643f6b2c0102f9d1463cd5dec8949cdcfd13"
"剑17\Test1\Part3.mp3",".mp3","7091919","36ad4315d9143c1b53d063895e483feca6326cdd2f25aea103f88886a0598729"
"剑17\Test1\Part4.mp3",".mp3","7274565","c5ceccd3c5e06b89d345e67fa792f9b9755c3747e9387d01b118540574768553"
"剑17\Test2\Part1.mp3",".mp3","7575639","261f8bccbc421979bf636934189c944c2ffc42a30c9ac94b194782b3986381a5"
"剑17\Test2\Part2.mp3",".mp3","7105263","5cb17b109ff32d8db01f0b374ac3827b3b775eeafd4e233e01b65f4e5a6697a0"
"剑17\Test2\Part3.mp3",".mp3","6424302","d0e5cc437c2bfc244a88801818f25f1c06b263afbbb12a4ae9d7fdff7ce1407d"
"剑17\Test2\Part4.mp3",".mp3","6934293","49509a4c38f180292c54c4bb0baba9b87dcfce0173e91af34557e767fc159b19"
"剑17\Test3\Part1.mp3",".mp3","6629883","4c38036c740ef83207ee2ef088d7737286dca6e03f0cce127d583b32eb0a3496"
"剑17\Test3\Part2.mp3",".mp3","7189497","4c91d7d2295cd6dbbb30ea3c87daed934830d2a6a58e285367cd0b13bf6f06e0"
"剑17\Test3\Part3.mp3",".mp3","7227444","a776cd7c697830c4f7ada5fff2d55060623df18263dbff903e8d556cc0c93a3d"
"剑17\Test3\Part4.mp3",".mp3","7771212","420172d7e88b0b133a8799f8feb5691179a396e004b85385f80d63ec30ebe396"
"剑17\Test4\Part1.mp3",".mp3","6115722","6e2e6dc255d0f4134ab6cbd6ff5835106a984fc1519a075331358570628945c7"
"剑17\Test4\Part2.mp3",".mp3","7544781","c267eb0ff993342feb039b94f172b10e0721b7f06394883786e9107dced79180"
"剑17\Test4\Part3.mp3",".mp3","6570669","88d0e50e550c46ab604cdbcfaaa45f31d2b7fe699c71669676e796e9d126acac"
"剑17\Test4\Part4.mp3",".mp3","8235333","09e20454ed250a3c26c34a2d85fd7fa7829185e266725302e5acdfad76fe3527"
"剑18\Test1\Part1.mp3",".mp3","6904920","ac9473109778ed134ffb39ab348569f63b4bf90af5ac81033db1aeee668e5887"
"剑18\Test1\Part2.mp3",".mp3","6373693","32fded89ff54294c144b9184d498b5f89fa8fc5729f6bfad5c757e16af06bd0d"
"剑18\Test1\Part3.mp3",".mp3","6418833","55ff3e682b4c635acb459925b7c4ce35c644f1de205d8b36ffdf0f80e3913e04"
"剑18\Test1\Part4.mp3",".mp3","8445935","a7531475cfe43929ccd9f5bf403a2e21ce33c1cf847371e21b25eff44dddc808"
"剑18\Test2\Part1.mp3",".mp3","7505121","48aecce3f04698e4f8353e55abd21b37b64a4bafbcef150f8c9c705f3e1673ff"
"剑18\Test2\Part2.mp3",".mp3","6999808","3a700c62813d8e08d421d98662bcdfe59ecb0419c51eb924eaa0acd13d144a5e"
"剑18\Test2\Part3.mp3",".mp3","6852687","2c12e881cb0a4765b3ac8a1379bb81b1dece77d496382c33a816ba071014277e"
"剑18\Test2\Part4.mp3",".mp3","6819668","d79c44b7875453c2943330d9b1e1551e7fa95fcccbfc3dfb83e20b91d488adfc"
"剑18\Test3\Part1.mp3",".mp3","7533542","ca73e729a5dbacb995563296315f4617559d0b03eae8fd6d0ca05d62a6a00a35"
"剑18\Test3\Part2.mp3",".mp3","7482969","b48d80acd28821e154c52f3b5ce81fc0d8a4f63b8cdbe89e2701bea87d11e2b5"
"剑18\Test3\Part3.mp3",".mp3","5688252","8d668c8e2ae914dedb48a4f6b9aa68b6253ddcab83c5258e451419c8d48ef9af"
"剑18\Test3\Part4.mp3",".mp3","7359671","94354d0c35e801ac28811022033a7a977f4d8f50bf3dc0b79fcf487935172be8"
"剑18\Test4\Part1.mp3",".mp3","7090505","8f2eb39441e6ff8e0fd0b9ec8a8db2b82bf967d8da6002a36eccb990361a816c"
"剑18\Test4\Part2.mp3",".mp3","6982254","691b94e18f35446b04c89792ca98dff960e25496f7ce2ba407a9f29cca5bef1c"
"剑18\Test4\Part3.mp3",".mp3","6693862","d1fe88d55312bc33e3ccf06918bb2b81856a5bb9030356106c12d59b1fb4bcd6"
"剑18\Test4\Part4.mp3",".mp3","7963204","20ff27ea5dc6ed71a91aa3d9f7b942b53fd7ca6d76074e4468ac741fff4905a1"
"剑19\Test1\Part1.mp3",".mp3","7563057","9297b29a5f03fe7a61220ae4efe1998fe7cfcaae1a2d5d4f3e52b4d41db8753c"
"剑19\Test1\Part2.mp3",".mp3","6996304","a1d2e490e8fa649ab0dce108c0ee4ccb9e173f34fa8288c8961ce4b05c2d9d6a"
"剑19\Test1\Part3.mp3",".mp3","6724631","b43379f7c9d26e6e06dc8e52a9ffa66bb4bfae25823ad83cfe0d845efffac47b"
"剑19\Test1\Part4.mp3",".mp3","6637277","a125a0b8de00cdbae3f877500bd0234afdaec351e007db8764e4116d09175159"
"剑19\Test2\Part1.mp3",".mp3","7711015","87bd934522d3f332a3ce71a1fa55c97d1380ef45a3df981e2baa10e427a01f9b"
"剑19\Test2\Part2.mp3",".mp3","6147011","92eebe7728a829eccd8d030b3dd5ebd8acef18b13c93abec21bc732dbe809229"
"剑19\Test2\Part3.mp3",".mp3","6573330","bd5d682d220405fefb553e8d8419319bbffda84a534043c60560aeb0193217a4"
"剑19\Test2\Part4.mp3",".mp3","6832046","c3a5c6e3c89dde95748eddf6e4a81efe86bfb56591211a04f89cb7c8bd4f557a"
"剑19\Test3\Part1.mp3",".mp3","6339690","97e6fbb34e21eeb1ade85ed22223bd99d449815e89ef374dabddd89620c54e2b"
"剑19\Test3\Part2.mp3",".mp3","5949735","2581e4ed41c646ea980fa703a3cab1bd3617016b96ff5fb5ac52dd19b93d2e49"
"剑19\Test3\Part3.mp3",".mp3","6755142","e55469b89b9ce0f495eac91af275b394658932079701be0ae28f6c5003b8456e"
"剑19\Test3\Part4.mp3",".mp3","6567478","07fdf245403bdae93d23ed0722c265d8823afe87f74d2b583e2e14e22a302615"
"剑19\Test4\Part1.mp3",".mp3","6483050","6adef56d3145a0d7d49d1c5e08a9e957104ddcef2a95d2a0bb2d0026a89ca2d6"
"剑19\Test4\Part2.mp3",".mp3","6226424","fdcdb59c3e3015eb8d522d3f97e5f7928c1364420c72ed35f2e9c56f293fb168"
"剑19\Test4\Part3.mp3",".mp3","6870917","001757f60d198e0bd900892a4cc7916b06e34656ae8feeff89d493f3e1d5e948"
"剑19\Test4\Part4.mp3",".mp3","8303263","bccccad08d978375085d5f2f3793693ba2d13e59ab7b11607da9fc8cb3db2a40"
"剑2\Test1.mp3",".mp3","3300995","2d9f92e28ff00bc3b7736287c7e56b9761f8e0bb6f6b23c5bb84d6ecdcd5cb6a"
"剑2\Test1\Section1.mp3",".mp3","2364570","8da018a564dc746358c088832215ad7420d4f48889e1585c27346509b4e8d79e"
"剑2\Test1\Section2.mp3",".mp3","2150313","16ccbf26fccc1959f2396d24fb14d8a9b2fb0267cedbc5e0458390808cd5bf35"
"剑2\Test1\Section3.mp3",".mp3","1766000","4d3dc29240db9e6d6a8ac6933d928828ee16f2962e1ebc814581de50c7823a8b"
"剑2\Test1\Section4.mp3",".mp3","2523812","fea391301bb06690dde6f9cdba04e94ca8a87075aa853cb38decd9583f4c0ba7"
"剑2\Test2.mp3",".mp3","3299219","95ce8ca7ef3b638ff1a4bb2d984bd624031711316ee73ac57f8a315592cc6fb5"
"剑2\Test2\Section1.mp3",".mp3","3038529","d372b0c33b76a35e1ee74abed6c5b59b590e0a2523d3b741f93ed031e35469ab"
"剑2\Test2\Section2.mp3",".mp3","1925556","fc9f561ff06aac9727ddbc9d57be046664b5cfba82b6f476620c8785f7a27b3a"
"剑2\Test2\Section3.mp3",".mp3","1761455","a56823fb036651f8f52de3bd1d4aa5352a219275a2a10cb2ba64c0bdc792d410"
"剑2\Test2\Section4.mp3",".mp3","2074454","b323818be5a3408becfb53a7ea68f84b1e01b045800583578aee014525b30c5e"
"剑2\Test3.wav",".wav","7219059","5cdb2bdaec37825d42cf13f3419de98fa1c170dad1a8550a8bca2ce253f6c4ee"
"剑2\Test3\Section1.mp3",".mp3","2485255","920084e9d4eee4764c782b0cd0be8f2f87c58f0d92b075360a6ce31c7f739219"
"剑2\Test3\Section2.mp3",".mp3","1835590","c48997ac305b45635572458f30149a309252ce544832b7fc9b62ab29e395b5cf"
"剑2\Test3\Section3.mp3",".mp3","1932766","fac7f68c9a102258cd989142a15bd63a2bad8e994af077ef2fbb3bf539bf29c9"
"剑2\Test3\Section4.mp3",".mp3","2139185","381d65ac5aefcf427cea9bf2551cd1cf9c630814b8969b4ecb66151ed516d4cd"
"剑2\Test4.mp3",".mp3","3308026","659d7838d122373250b646981bfc8f50f8a867a1eeb522d543c0ad8d7e9cc741"
"剑2\Test4\Section1.mp3",".mp3","2354852","2bbae55f10049f4970aa229cdfb92f11b3351eeafbb051920f87cd4e59de8a20"
"剑2\Test4\Section2.mp3",".mp3","1831358","d85b54da29b514c69b7c49096d845d0a5c68e0f73c39feff6179d83c39b2a27c"
"剑2\Test4\Section3.mp3",".mp3","2139499","6b0128166ed94e276038ceb44c472635bc75df184bc5d5d787473a8eeebb6196"
"剑2\Test4\Section4.mp3",".mp3","2497794","e97c24563d7c527be2ea760564a6f304dcb4f177dbae339b3e638ce0160be3c4"
"剑20\Test1\Section1.m4a",".m4a","150122443","67c13e74f511db400d9d22ad38bbcbcd1873668767d69ce73f9621ac0c7d9616"
"剑20\Test1\Section1.mp3",".mp3","7466049","17e2a0296bf35a49cf5002d1a637686287fce57dc5da3e4f7c29f5287dbeffbc"
"剑20\Test1\Section2.m4a",".m4a","142888819","7c0fbe56882a6320d0e22318724ea8fdd44bc27fc88362e635dee1b6ca5dc316"
"剑20\Test1\Section2.mp3",".mp3","8531427","5be47ae3b5afb59face2c538df8e4efaa6c94a58cf040fd805784b19923d09a6"
"剑20\Test1\Section3.m4a",".m4a","130091483","93b2d4c197921f8cdab59bc6ad2024a86706e0f1d45ee04425f1530a1fd49d92"
"剑20\Test1\Section3.mp3",".mp3","8602898","ef95fb46f98a200dbaec07436abe97525e74f9884d39a98cf81982e496281fa9"
"剑20\Test1\Section4.m4a",".m4a","143707937","42b80baad726f4cbc34d0240ddc7a24135adf02d0fbbb9e588d90a05048ea862"
"剑20\Test1\Section4.mp3",".mp3","6872965","8514615c4ecbd3389609a17d5a83b0fe68cb470d57cb825390f2f462367833b8"
"剑20\Test2\Section1.mp3",".mp3","5971845","99a6c50270e9fa6ef310b1dfa6b0b1aaf8d6ae47d4f80c919fc99a37000e946a"
"剑20\Test2\Section2.mp3",".mp3","10230431","93dcd493b1b015282e39826323bbab137ebc97de99e2aca4161922a31c3026ac"
"剑20\Test2\Section3.m4a",".m4a","124065649","9c40c468f8af75fefec3f3b5d1072445f84a44a4bb598431a57d10841e2de99a"
"剑20\Test2\Section3.mp3",".mp3","4681187","5f4e4a1a460f74b56d293457f1d9333459f19bdc8293eb6281355509f0da3096"
"剑20\Test2\Section4.mp3",".mp3","8409801","b27274c9578bce11ef7b6c062aa4485aaf978aa3403ebc4e189eb1da07a60590"
"剑20\Test3\Section1.m4a",".m4a","135669365","1896e7a0931983e06b49817da1020bd1cbb6bdee98a9989674f1bb3db1599d99"
"剑20\Test3\Section1.mp3",".mp3","7773667","9aa3104aa7f2d079fefc2b0d6bb3e1ac37a1697587de8bad13dbecb94a164820"
"剑20\Test3\Section2.mp3",".mp3","7023431","699cc3024aaecfb75e2e5e4000a6057299349750b439dd7713ee455ef91f18d7"
"剑20\Test3\Section3.mp3",".mp3","8390992","92aa770a6475c03b6db4b45efda86444353a1803b9f563aca07208d341e2aaec"
"剑20\Test3\Section4.mp3",".mp3","7601886","ded9dbd0894dd9d936fe803437cecd14f9e965c1c5dfcdfa45bc19b834e66b71"
"剑20\Test4\Section1.mp3",".mp3","6703274","ee0f896f976970a7e9936f52c233d4bbf46877f0d75a980c42a2786f26365bca"
"剑20\Test4\Section2.mp3",".mp3","8092570","eb3cbcd43f713ee6867343255c0bd3c6c01c70368a7b4cd5c28ba16875d20c82"
"剑20\Test4\Section3.mp3",".mp3","8754617","f57df5f2995b94a289d4f2301b1b50b954c0d62d2867873c61a0844a6d277afb"
"剑20\Test4\Section4.mp3",".mp3","6944436","9cfa88e6bfcc8dcc54b8beaa53578315de39070b740d699cbaf1d84aac708c7f"
"剑3\Test1.mp3",".mp3","11539792","4c8d7f9524fa57fa7169451f3e6483335308de6ac73d7b7192ae02cf81cd59df"
"剑3\Test1\Section1.mp3",".mp3","3436985","248dffea60b7d2b0424e81bbfe473c560ed944ea9e3d8508762a8e4dd328c90d"
"剑3\Test1\Section2.mp3",".mp3","3669998","2d9c93a5ab0279e2367db053f393d65b1281e73d35d35bb6b6326bd9ea059958"
"剑3\Test1\Section3.mp3",".mp3","2551121","279a90028977df14b538132d96e6b14e80f502a5c95771827c3716132457f9f4"
"剑3\Test1\Section4.mp3",".mp3","3688179","0bef5d59376959a455d4b4b48320ced97a639bbe008fb16959cbbbf94784ab48"
"剑3\Test2.mp3",".mp3","13339245","0553d8f43d199dafc15909b9aa4c966ab5273bd0078a20821da71dfa9e40a9be"
"剑3\Test2\Section1.mp3",".mp3","3340855","801e7fdc3dba3503742090a79281709c6fd7566160fc3066d951369de3942ceb"
"剑3\Test2\Section2.mp3",".mp3","2471709","4a66a90f6905679a7a8d31038bd9e09ac61ca83fbf2e57aba778bbf9536b6fb6"
"剑3\Test2\Section3.mp3",".mp3","3131457","5cfe7effa1dd1dadd79cf255f9be777295a15ab3fc57f5bf19968bdb11683a7f"
"剑3\Test2\Section4.mp3",".mp3","3090288","e443fb234240de61d3504428567fc1d4f952dffe85d955c14df5949ebb6b9c43"
"剑3\Test3.mp3",".mp3","13294496","74d8aeaba91dae7bced698692d2d002600362c07257f21edb152e43503b4e8df"
"剑3\Test3\Section1.mp3",".mp3","3685044","5bfa876d59212882214f8c0e668c306f3fc0832cc946996c0d279e2338e50c0d"
"剑3\Test3\Section2.mp3",".mp3","2676300","9f6ea2a7a18c777f364bf3cbc1f9149349348fb27a2f9bbc7e9a0f9f1ba2a0c0"
"剑3\Test3\Section3.mp3",".mp3","2444959","f9d39ed3c417914aa26d3b6745caced8304c4b08f9b62902e7411dd53f6ff877"
"剑3\Test3\Section4.mp3",".mp3","3261652","5d73e84bceda13378ed48ba895ea7a263178c769438b0e3e110df3b83a03b455"
"剑3\Test4.mp3",".mp3","12958382","79a11623184afdafdf825a62db2cbe284e0a16c9b040bff45e69edefb4524e57"
"剑3\Test4\Section1.mp3",".mp3","3195405","18fe596f78f859ed9ab94b4451f0533dfbcaac7915ca2b1b70cb6ebfd37fe4fb"
"剑3\Test4\Section2.mp3",".mp3","2553420","5742e98b00ae550a4d400f4fd932a975cdde12e0a7ba99a3526fc5831b94168a"
"剑3\Test4\Section3.mp3",".mp3","2492816","50229b4e3ac255efc285fc0c5c46f120f38973e81adb2bd9be2f567c5e04b7bf"
"剑3\Test4\Section4.mp3",".mp3","3504068","8fb3607d2de5c2c1b4077843dd68e77aaacf2d004ab8e017346c1f4f95ac5092"
"剑4\Test1\Section1.mp3",".mp3","7242022","3529f1d7d7a4e9cebc4fea09fcf6cd079b3818fdce88974c6e552d5e6e33aadb"
"剑4\Test1\Section2.mp3",".mp3","5790491","bd975f00d2b35517d1b3c3dbb3d48b045c2c395ec221fa263d0a603207fbc59e"
"剑4\Test1\Section3.mp3",".mp3","6487229","3c4d2937780024aedaccbebf0abaeedab86601f62bf84a2e6ca16ad352fe51cb"
"剑4\Test1\Section4.mp3",".mp3","5681404","1f752590aed7ce36a0f80bb2377ec5c607a27cfff1fe7a80b52ef35ddb4139e4"
"剑4\Test2\Section1.mp3",".mp3","6980839","2b7403308769041cb5301968cd232ff805e538a61ddbbd26be7ca501356bbc0a"
"剑4\Test2\Section2.mp3",".mp3","5586527","d2783b074bad89c06aa97a1bb14fba7a5a37ae992aa47d7411064c8e312088ed"
"剑4\Test2\Section3.mp3",".mp3","4838798","b82a03a5db121b07af98134df44b5d79b5a7e27827421c4d5dd9ed707788a40b"
"剑4\Test2\Section4.mp3",".mp3","7845555","a0c3a1f485984be6d23f3ae9d7240d44eaf2f444b0e82bbeea23bd5fa0966b4f"
"剑4\Test3\Section1.mp3",".mp3","7010096","3fbe39e7b2d70b7bb366884dd992a64689418c11bc92082c5c40513a63a652b5"
"剑4\Test3\Section2.mp3",".mp3","5774191","fd2efa87ee0b046c5e9b8969121c8808af194f0660fcf8a4de5f4233223b81a8"
"剑4\Test3\Section3.mp3",".mp3","6508545","8533b25f044f522ccf2a4256983ab623c42db0b643a31364b068dbaf0d9b3ff1"
"剑4\Test3\Section4.mp3",".mp3","5691853","71b51df2dc21b5706bf5b11db1e77e7a9a6acdbe3633d9971a5a3378348c934f"
"剑4\Test4\Section1.mp3",".mp3","8043709","0d8247f808c3f1d4e5a7572580ee5592d3545e4890f889961f2c1ca610b5bf7d"
"剑4\Test4\Section2.mp3",".mp3","5359575","b86612ae510d168dffc686951bdd424cb111114d5397c9bc5616e08733803500"
"剑4\Test4\Section3.mp3",".mp3","7343210","52dec70f9c254de580dbe97b95c9a064fcb995013b9fd6356096f8d9a96563f9"
"剑4\Test4\Section4.mp3",".mp3","5773313","24372c2915f053a31e6da2321e6cde47718a345e58cb02e8ed57980d4a9a9aa8"
"剑5\Test1\Section1.mp3",".mp3","19828996","3631d03b93677c1e7856bb141de24a8cfd05b8ecbfe1c741b7dcf8758a6e8acd"
"剑5\Test1\Section2.mp3",".mp3","11579308","6633b931c85d205bbc26748fa79eaa311916d21a9b730e2fe55fbd26ab3152e8"
"剑5\Test1\Section3.mp3",".mp3","15303256","976a637a617f1b6bd9fae065b37eb346d4388397ec8d9381312194555b7e8428"
"剑5\Test1\Section4.mp3",".mp3","15850312","2ab3ee8e524de455580950805472a2d45227f984b0e2f284379d63ebd72ab5b3"
"剑5\Test2\Section1.mp3",".mp3","19045996","d3a40ee0f0d1d6a9ecc13e8db87d644b326d47e99b112475d716dd91b0c4c629"
"剑5\Test2\Section2.mp3",".mp3","16466272","7aae8ca1d52173c3e62491964716c1f930dbd8acffc4f0eed954a2a1211b1cf2"
"剑5\Test2\Section3.mp3",".mp3","15048520","a4a947fcd8fbb2c192bb96633c199a455ba07b5ff9a5f36b61dc5a77e0ae65fe"
"剑5\Test2\Section4.mp3",".mp3","18765160","b1cf48bea93813a7ab05f939ac65ab0885e7bd2b72e9bb4d37ae3865d82d7e65"
"剑5\Test3\Section1.mp3",".mp3","18905056","8ae02c39c2b4e99751e4604a945385ee2763a1d4647fb5289d854eadc126866e"
"剑5\Test3\Section2.mp3",".mp3","19941748","c55f286283ff270f5d1224a307038335d22d01ebb75cc2ea0f558fcb896654f6"
"剑5\Test3\Section3.mp3",".mp3","15670744","8adbfb1f4f2efe6163fdcf9ea5a7a242d9aa2ef7ac3f895e618d894c5cd2d11e"
"剑5\Test3\Section4.mp3",".mp3","17066572","6de1ae6e2dc365f2843d29926ed3a2b50398ebb2074b87f7ee28be06349679ab"
"剑5\Test4\Section1.mp3",".mp3","17913256","414a83a87a394ac49627ec1f0225d0ac85ee9a74f88395ac97a8e96add3e2bf6"
"剑5\Test4\Section2.mp3",".mp3","12626440","2a1b98af782d08cc37587a472d087224656809b0f0786b99222897aa189a04bd"
"剑5\Test4\Section3.mp3",".mp3","16647928","66ddf9ebc97aded2812870f5b42a9b52a8b7b3cb68b07f7ee84fd3e1c77eb314"
"剑5\Test4\Section4.mp3",".mp3","14235244","359886d89ca7ac0d49ade6fa985c6314e53998d1e1617b33e7903b1efcb491e2"
"剑6\Test1\Section1.mp3",".mp3","17617804","5273448359d079f7107e49051aa3434d5434fba2433a9e75b065b420a3a51917"
"剑6\Test1\Section2.mp3",".mp3","11448808","03479c4131edf14bace8a1565a0bf1d392ddf170c3a7a528092bc34a91bd884b"
"剑6\Test1\Section3.mp3",".mp3","13581700","758bf5b16c087ad0524bf0e61638c5a0dd582ef1ea62ebf9116cf438573c9488"
"剑6\Test1\Section4.mp3",".mp3","13394824","e1e3f4b9820180d52881877a383bd578562e78d9f209da8b5051f6a95e438bfc"
"剑6\Test2\Section1.mp3",".mp3","16239724","a7395b32ecd2ce82de02008d7cb967d86f76a9ba7cbb7b6edb460356f1035972"
"剑6\Test2\Section2.mp3",".mp3","13238224","ae53e6722ea6b2b09865f76a129a52ec0c3e1362a3f6b133d65e741caf05f52c"
"剑6\Test2\Section3.mp3",".mp3","14735320","621a812b27d27f4ae4bba4d1c5e4d0094a66e4373bcd00848d626938565aabc5"
"剑6\Test2\Section4.mp3",".mp3","16400500","581b1598b363bcf2c86a942e810b4eadfb255996858ece4e4ddf4a16069c591d"
"剑6\Test3\Section1.mp3",".mp3","1663342","40e599a3208c3d64b29337700b5b826e14106f9076b87e12c6caf523aa10ed04"
"剑6\Test3\Section2.mp3",".mp3","1658062","2f4e0795c9ecf859ebae02510022dc084bf6bd5e15a928fcf92c5f7c602559fd"
"剑6\Test3\Section3.mp3",".mp3","1403342","7a19eb73e27f6abb71c583de26cba7c0f15a922197fd19cdfa4883286c3091c1"
"剑6\Test3\Section4.mp3",".mp3","1871950","2fbbe6bd266e567b5e5a4a87e8a93fc56b757f3935cfe2c19c9f0c99c076b5be"
"剑6\Test4\Section1.mp3",".mp3","1416814","26dc763c2a5ff34befa08d0ddc52d69bcfc16cd311aebdfeb47e925acf94a70d"
"剑6\Test4\Section2.mp3",".mp3","1586542","dcd8c6f28722aafe9365e7224639b46889acde7e6be9a609caaddc3272bde649"
"剑6\Test4\Section3.mp3",".mp3","1520782","8f6ee466d5f4caa0550e336a51c1ae254851feeb95b84594043d7e38dfcffb47"
"剑6\Test4\Section4.mp3",".mp3","1498894","79872da71c94f4d7d0446e8f24be43c67b9734bc0d2db6229058cea151dcf5f6"
"剑7\Test1\Section1.mp3",".mp3","8839168","a1f27e52bd6c892013853bfa84c7e0bb3c955ea97d551fe34b2fd23931ed6206"
"剑7\Test1\Section2.mp3",".mp3","6467584","1cf2d067074b17cdefb48282ab7475137c9fa5cf885423cb7d02f7d7ffd82d59"
"剑7\Test1\Section3.mp3",".mp3","7278592","0d74c2b7f089a6ec0dc5eaa7041a2e0e1484798ed9ad714aeb80467950d94abc"
"剑7\Test1\Section4.mp3",".mp3","6514688","1509680454f2c6a83f901b5ebebf64a5ba87d2f18d73d404d81f6c002d59a895"
"剑7\Test2\Section1.mp3",".mp3","6635520","41cb4ce4a9be3afce606172ccb1bb3d9810913dc017050db93a25faf20de084c"
"剑7\Test2\Section2.mp3",".mp3","5036032","793379d73813ca5cac90fe2b0e99f9b0c46753c02eaa7cd0f7754fce265bf7df"
"剑7\Test2\Section3.mp3",".mp3","6848512","3c7e0fdee1770ccd8b670b88c71192459ffd1f8e55a54fe3fb1facca3b947d37"
"剑7\Test2\Section4.mp3",".mp3","7055360","ef1bd406cd987ceb9f38ade337c8d1510d546c49d658a36b62794645c74bb341"
"剑7\Test3\Section1.mp3",".mp3","7297024","27cda45ea55fb89a68a88d6d08faf2914c2b6b7dd80a84f3c031d7a1be8f4825"
"剑7\Test3\Section2.mp3",".mp3","6177265","99c2db2ac2f5b34d936a6dc734ef43f90dbc74681b50ddacee3e6d35071d31c9"
"剑7\Test3\Section3.mp3",".mp3","6135808","f9a11414bbc7c14b26f804b95ea7ff533cd37f39953cf8b74d584b0228ee272e"
"剑7\Test3\Section4.mp3",".mp3","6338560","d8299d21d549d97a2f31cbf86d730c76084b5eb9703e772d8aa4ed0a075d7f58"
"剑7\Test4\Section1.mp3",".mp3","6744064","7b70399273a021bd1df239b47c2fc77cf1c0fb770c53a609e37e3a485c16304e"
"剑7\Test4\Section2.mp3",".mp3","6133760","d00c9ac2b43afdc9516368139f123de53332e30f3387863282e96faf3331e59f"
"剑7\Test4\Section3.mp3",".mp3","4937728","13ec7a5a02e5f20d5308c7088dd8c60d9b7c9d3a1b11dd1a8a567982e3cb0ddc"
"剑7\Test4\Section4.mp3",".mp3","5543936","74f9ad74bcddd3f4c3b5c52a044aee97773df904427af84ce6da9488b87c5044"
"剑8\Test1\Section1.mp3",".mp3","6806626","48f32510b11bf939588b3f505844c840e81a1dd293b351713d1c374ee97a71e5"
"剑8\Test1\Section2.mp3",".mp3","5791403","c1bc2380059ce4ef3f9f08dd533a4aa29c29a8ffdc18e79fd319b42b68bc00ef"
"剑8\Test1\Section3.mp3",".mp3","7958521","b9cdfeaa6f5e4ea05d8b304b4539ce04560179b4b284acf89f7f943cbba22fb7"
"剑8\Test1\Section4.mp3",".mp3","7112154","5463b00f0901367ed8917519dc0d036af261058423767136ea2ba71139e38502"
"剑8\Test2\Section1.mp3",".mp3","7671383","c678865b1ca56edea6cb3c59757437b900a719a859d57a4c8a7b98032e3f165a"
"剑8\Test2\Section2.mp3",".mp3","6213960","e29cdff506c1fb80590fda3522d2747847605009a070e04efcb4aab60a103af3"
"剑8\Test2\Section3.mp3",".mp3","6527847","48bacbbdc4dbef1407e8428e859bb9401a5f64c713e92613d882661c830c9fde"
"剑8\Test2\Section4.mp3",".mp3","6686254","509340b87527ad1f5e01f3918c14a48f52a20c017ee496b7695d5a98761f5706"
"剑8\Test3\Section1.mp3",".mp3","7278502","baee6397c7c1233059478d622ff1ac89ae3b01d0fe7cb109f70d50bfee4b5d16"
"剑8\Test3\Section2.mp3",".mp3","5513878","e29ce12a4d790d3a81aa925277b315daae0ef9520c9926171a195c29a0b7105c"
"剑8\Test3\Section3.mp3",".mp3","6335586","62646e06ad4a845ea3cbb202bc4ac4131d3bc1ae9578f249487e34b1cf4e8484"
"剑8\Test3\Section4.mp3",".mp3","7511305","be0750ea1f1070e37e66748290fd57c28c4df1c90e09f5c1de725ed3a7483b42"
"剑8\Test4\Section1.mp3",".mp3","6304657","13dac028000c694ba27898deb856489724a261b620a64dae0701318d0ee901a1"
"剑8\Test4\Section2.mp3",".mp3","5432794","d5260e058cbf0b9be481029458eec16b5c5f23fde1f9dcfef5c8b8eaf38c288e"
"剑8\Test4\Section3.mp3",".mp3","6349796","f6f2f7dde68622208b19864c66147b779c8ec9096bfd8499cae8b0d57a6eef1b"
"剑8\Test4\Section4.mp3",".mp3","6534952","9182efd9ba11b358c516844a3e76a44eb668ad69284fc54ecc600181466f12b0"
"剑9\Test1\Section1.mp3",".mp3","7358165","88ab47524a02bd16eb3e1efef6febba6da69aaed97ecb07fbcc0b609c92165a9"
"剑9\Test1\Section2.mp3",".mp3","5450175","d76d0165ca984c00f09306686fad794e187e4f341b160a057bb4e9903ae187e6"
"剑9\Test1\Section3.mp3",".mp3","7404138","ef5959eb99fc548cefd4a5662a72302f6959f5c3eb52ea242eec9977e90882e1"
"剑9\Test1\Section4.mp3",".mp3","6357572","a3c446bac7b332ef85abb570e0de0e3c1bdfc1c728e11b100310d027600016b0"
"剑9\Test2\Section1.mp3",".mp3","7102368","6c789e151eb147feab46a03827c188e2a2e06bbdb7a6f46699f1d3e9e1dc9617"
"剑9\Test2\Section2.mp3",".mp3","6057058","308753873958c2589d7bd73fc9e254bb03cc9e8edcea0d80ad37d78831258e21"
"剑9\Test2\Section3.mp3",".mp3","6746278","f007dc94e9ac4796a60d9cb6567c237801bb2a4c6c401b45ef4e31920b102194"
"剑9\Test2\Section4.mp3",".mp3","6031442","d3be2c1f7e17994845ffedc5e4483eb99bd1117b3b4189c8c0aeb08134c6db02"
"剑9\Test3\Section1.mp3",".mp3","9869688","4462d34078bac9d811b6f78d50b7b9a4618645c1ca8a0462dc020d1388a8f4dc"
"剑9\Test3\Section2.mp3",".mp3","5801671","5c9c0d11dabd65d958ce749245123599ebf0ac5396f6e9699cefb57f36d7257f"
"剑9\Test3\Section3.mp3",".mp3","5790816","2784e92130d122ab45e59ee4558c21fd4c8fd4b3cf3060b1ec0ab1b8ecb93cf5"
"剑9\Test3\Section4.mp3",".mp3","6592046","e90c72ce357f3c45a417b1c49c2016be37aaaf0fd82817e182c4b4946035050c"
"剑9\Test4\Section1.mp3",".mp3","6992862","546722e74eed5c2f370d23c785110c8bacfc899c94fbb98e8f7bc59b23bdb2ed"
"剑9\Test4\Section2.mp3",".mp3","6544816","b051bb67a88d16c3955ea1c469fccbfb3b8bd69b5654319c9d343154e2dda05c"
"剑9\Test4\Section3.mp3",".mp3","6096761","b0c037d2c8fb9ff697eee7f98dbeb37d0d97f73c7258d40ac7a5ed3c8e0a04a7"
"剑9\Test4\Section4.mp3",".mp3","5603451","f2e3bd7fad4b26318b8a7f58f6b13a3790c3cddec6c1d6e94cc146d88663b139"
